{
  "0A9B4653-B11E-4D6A-850E-C6FCB621626C" : {
    "cameraTransform" : [
      0.9807314,
      -1.9820146e-10,
      -0.195361,
      0,
      -0.10051192,
      0.85749435,
      -0.5045798,
      0,
      0.16752096,
      0.51449335,
      0.84097165,
      0,
      0.09084191,
      0.05849296,
      0.13903293,
      1
    ],
    "objectMetadataList" : [
      [
        "0A9B4653-B11E-4D6A-850E-C6FCB621626C",
        "Root"
      ],
      {
        "isExpanded" : true,
        "isLocked" : false
      },
      [
        "0A9B4653-B11E-4D6A-850E-C6FCB621626C",
        "Root",
        "GridMaterial"
      ],
      {
        "isExpanded" : true,
        "isLocked" : false
      },
      [
        "0A9B4653-B11E-4D6A-850E-C6FCB621626C",
        "Root",
        "Sphere"
      ],
      {
        "isExpanded" : true,
        "isLocked" : false
      }
    ]
  },
  "1CBF3893-ABFD-408C-8B91-045BFD257808" : {
    "cameraTransform" : [
      0.99999994,
      0,
      -0,
      0,
      -0,
      0.8660255,
      -0.49999988,
      0,
      0,
      0.49999988,
      0.8660255,
      0,
      0,
      0.27093542,
      0.46927398,
      1
    ],
    "objectMetadataList" : [

    ]
  },
  "03E02005-EFA6-48D6-8A76-05B2822A74E9" : {
    "cameraTransform" : [
      0.99999994,
      0,
      -0,
      0,
      -0,
      0.8660254,
      -0.49999994,
      0,
      0,
      0.49999994,
      0.8660254,
      0,
      0,
      0.5981957,
      1.0361054,
      1
    ],
    "objectMetadataList" : [

    ]
  },
  "26DBAE76-5DD8-47B6-A085-1B4ADA111097" : {
    "cameraTransform" : [
      1,
      0,
      -0,
      0,
      -0,
      0.7071069,
      -0.7071067,
      0,
      0,
      0.7071067,
      0.7071069,
      0,
      0,
      0.2681068,
      0.26850593,
      1
    ],
    "objectMetadataList" : [
      [
        "26DBAE76-5DD8-47B6-A085-1B4ADA111097",
        "Root"
      ],
      {
        "isExpanded" : true,
        "isLocked" : false
      }
    ]
  },
  "34C460AE-CA1B-4348-BD05-621ACBDFFE97" : {
    "cameraTransform" : [
      0.99999994,
      0,
      -0,
      0,
      -0,
      0.8660255,
      -0.49999988,
      0,
      0,
      0.49999988,
      0.8660255,
      0,
      0,
      0.27093542,
      0.46927398,
      1
    ],
    "objectMetadataList" : [

    ]
  },
  "440DE5B4-E4E4-459B-AABF-9ACE96319272" : {
    "cameraTransform" : [
      0.99999994,
      0,
      -0,
      0,
      -0,
      0.8660254,
      -0.49999994,
      0,
      0,
      0.49999994,
      0.8660254,
      0,
      0,
      0.5981957,
      1.0361054,
      1
    ],
    "objectMetadataList" : [
      [
        "440DE5B4-E4E4-459B-AABF-9ACE96319272",
        "Root"
      ],
      {
        "isExpanded" : true,
        "isLocked" : false
      }
    ]
  },
  "FBD8436F-6B8B-4B82-99B5-995D538B4704" : {
    "cameraTransform" : [
      0.99999994,
      0,
      -0,
      0,
      -0,
      0.8660254,
      -0.49999994,
      0,
      0,
      0.49999994,
      0.8660254,
      0,
      0,
      0.5981957,
      1.0361054,
      1
    ],
    "objectMetadataList" : [
      [
        "FBD8436F-6B8B-4B82-99B5-995D538B4704",
        "Root"
      ],
      {
        "isExpanded" : true,
        "isLocked" : false
      }
    ]
  }
}